participant_id,session,task_version,trial_type,t_onset_s,seed,run,trial,swap_count,position1,position2,position3,p_reward_pos1,p_reward_pos2,p_reward_pos3,choice,chosen_logo,rt_s,choice_late,outcome,points,optimal_position,is_optimal,optimal_points,regret,cumulative_score,anticip_ms,isi_ms,cf_outcome_pos1,cf_outcome_pos2,cf_outcome_pos3,cf_points_pos1,cf_points_pos2,cf_points_pos3,bonus_trial_index,position_in_bandit_stream,food_set,cue_type,food_bonus_cue,cue_image,cue_duration_ms,anticipatory_delay_ms,adaptive_window_ms,target_response_key,target_rt_ms,premature_rt_ms,target_hit,target_miss,target_too_fast,target_no_response,bonus_points_earned,bonus_cumulative,bonus_hit_rate,cue_onset_ms,delay_onset_ms,target_onset_ms,response_ms,feedback_onset_ms,trigger_code
1-900,001,v17.3,bandit,0.0002,4046538769,1,1,0,triangle,circle,heart,0.8,0.5,0.3,3,heart,0.6388,0,loss,-10,1,0,10,20,-10,427,565,reward,loss,loss,10,-10,-10,,,,,,,,,,,,,,,,,,,,,,,,,21
1-900,001,v17.3,bandit,3.7126,4046538769,1,2,0,triangle,circle,heart,0.8,0.5,0.3,2,circle,0.3781,0,reward,10,1,0,-10,-20,0,629,608,loss,reward,loss,-10,10,-10,,,,,,,,,,,,,,,,,,,,,,,,,20
1-900,001,v17.3,bandit,7.6126,4046538769,1,3,0,triangle,circle,heart,0.8,0.5,0.3,1,triangle,0.358,0,reward,10,1,1,10,0,10,574,653,reward,reward,reward,10,10,10,,,,,,,,,,,,,,,,,,,,,,,,,20
1-900,001,v17.3,bandit,11.4793,4046538769,1,4,0,triangle,circle,heart,0.8,0.5,0.3,2,circle,0.3852,0,loss,-10,1,0,10,20,0,406,617,reward,loss,loss,10,-10,-10,,,,,,,,,,,,,,,,,,,,,,,,,21
1-900,001,v17.3,bandit,14.9959,4046538769,1,5,0,triangle,circle,heart,0.8,0.5,0.3,1,triangle,0.2864,0,reward,10,1,1,10,0,10,780,467,reward,loss,reward,10,-10,10,,,,,,,,,,,,,,,,,,,,,,,,,20
1-900,001,v17.3,bandit,18.7959,4046538769,1,6,0,triangle,circle,heart,0.8,0.5,0.3,1,triangle,0.3244,0,reward,10,1,1,10,0,20,794,670,reward,loss,reward,10,-10,10,,,,,,,,,,,,,,,,,,,,,,,,,20
1-900,001,v17.3,bandit,22.8625,4046538769,1,7,0,triangle,circle,heart,0.8,0.5,0.3,1,triangle,0.2366,0,reward,10,1,1,10,0,30,623,585,reward,loss,loss,10,-10,-10,,,,,,,,,,,,,,,,,,,,,,,,,20
1-900,001,v17.3,bandit,26.5625,4046538769,1,8,0,triangle,circle,heart,0.8,0.5,0.3,1,triangle,0.2155,0,reward,10,1,1,10,0,40,543,443,reward,loss,reward,10,-10,10,,,,,,,,,,,,,,,,,,,,,,,,,20
1-900,001,v17.3,bandit,30.0291,4046538769,1,9,0,triangle,circle,heart,0.8,0.5,0.3,1,triangle,0.3958,0,reward,10,1,1,10,0,50,514,603,reward,loss,loss,10,-10,-10,,,,,,,,,,,,,,,,,,,,,,,,,20
1-900,001,v17.3,bonus_neutral,33.7958,4046538769,1,,,,,,,,,,,,,,,,,,,,,,,,,,,,1,9,sweet,neutral,0,/Users/burgerks/Documents/GitHub/motivated_bandit/_task/stimuli/neutral/bandit_023.jpg,1500,1326,550,down,405,,1,0,0,0,15,15,1.0,1100,2633,3983,4388,4400,36
1-900,001,v17.3,bandit,38.8294,4046538769,1,10,0,triangle,circle,heart,0.8,0.5,0.3,1,triangle,1.0845,0,reward,10,1,1,10,0,60,750,692,reward,reward,loss,10,10,-10,,,,,,,,,,,,,,,,,,,,,,,,,20
1-900,001,v17.3,bandit,43.5956,4046538769,1,11,0,triangle,circle,heart,0.8,0.5,0.3,1,triangle,0.3678,0,reward,10,1,1,10,0,70,601,452,reward,loss,loss,10,-10,-10,,,,,,,,,,,,,,,,,,,,,,,,,20
1-900,001,v17.3,bonus_food,47.4123,4046538769,1,,,,,,,,,,,,,,,,,,,,,,,,,,,,2,11,sweet,food_sweet,1,/Users/burgerks/Documents/GitHub/motivated_bandit/_task/stimuli/win/sweet/sweet_bandit_029.jpg,1500,1594,550,left,373,,1,0,0,0,15,30,1.0,1100,2633,4250,4623,4634,36
1-900,001,v17.3,bandit,52.6628,4046538769,1,12,0,triangle,circle,heart,0.8,0.5,0.3,1,triangle,0.8832,0,reward,10,1,1,10,0,80,602,550,reward,loss,loss,10,-10,-10,,,,,,,,,,,,,,,,,,,,,,,,,20
1-900,001,v17.3,bandit,56.979,4046538769,1,13,0,triangle,circle,heart,0.8,0.5,0.3,1,triangle,0.4654,0,reward,10,1,1,10,0,90,583,412,reward,reward,loss,10,10,-10,,,,,,,,,,,,,,,,,,,,,,,,,20
1-900,001,v17.3,bandit,60.6956,4046538769,1,14,0,triangle,circle,heart,0.8,0.5,0.3,1,triangle,0.4168,0,loss,-10,1,1,-10,0,80,651,658,loss,reward,reward,-10,10,10,,,,,,,,,,,,,,,,,,,,,,,,,21
1-900,001,v17.3,bonus_neutral,64.5123,4046538769,1,,,,,,,,,,,,,,,,,,,,,,,,,,,,3,14,sweet,neutral,0,/Users/burgerks/Documents/GitHub/motivated_bandit/_task/stimuli/neutral/bandit_014.jpg,1500,1656,550,down,241,,1,0,0,0,15,45,1.0,1100,2617,4300,4541,4550,36
1-900,001,v17.3,bandit,69.6964,4046538769,1,15,0,triangle,circle,heart,0.8,0.5,0.3,2,circle,0.6672,0,reward,10,1,0,10,0,90,487,519,reward,reward,loss,10,10,-10,,,,,,,,,,,,,,,,,,,,,,,,,20
1-900,001,v17.3,bandit,73.6621,4046538769,1,16,0,triangle,circle,heart,0.8,0.5,0.3,1,triangle,0.3326,0,reward,10,1,1,10,0,100,779,512,reward,loss,loss,10,-10,-10,,,,,,,,,,,,,,,,,,,,,,,,,20
1-900,001,v17.3,bonus_food,77.5287,4046538769,1,,,,,,,,,,,,,,,,,,,,,,,,,,,,4,16,sweet,food_sweet,1,/Users/burgerks/Documents/GitHub/motivated_bandit/_task/stimuli/win/sweet/sweet_bandit_112.jpg,1500,1452,550,down,250,,1,0,0,0,15,60,1.0,1100,2617,4100,4350,4367,36
1-900,001,v17.3,bandit,82.5131,4046538769,1,17,0,triangle,circle,heart,0.8,0.5,0.3,1,triangle,0.8851,0,reward,10,1,1,10,0,110,422,493,reward,loss,loss,10,-10,-10,,,,,,,,,,,,,,,,,,,,,,,,,20
1-900,001,v17.3,bandit,86.6122,4046538769,1,18,0,triangle,circle,heart,0.8,0.5,0.3,1,triangle,0.4161,0,reward,10,1,1,10,0,120,632,618,reward,reward,loss,10,10,-10,,,,,,,,,,,,,,,,,,,,,,,,,20
1-900,001,v17.3,bonus_food,90.5121,4046538769,1,,,,,,,,,,,,,,,,,,,,,,,,,,,,5,18,sweet,food_sweet,1,/Users/burgerks/Documents/GitHub/motivated_bandit/_task/stimuli/win/sweet/sweet_bandit_087.jpg,1500,1533,550,down,263,,1,0,0,0,15,75,1.0,1117,2650,4200,4463,4468,36
1-900,001,v17.3,bandit,95.6123,4046538769,1,19,0,triangle,circle,heart,0.8,0.5,0.3,1,triangle,0.6981,0,loss,-10,1,1,-10,0,110,612,475,loss,loss,loss,-10,-10,-10,,,,,,,,,,,,,,,,,,,,,,,,,21
1-900,001,v17.3,bandit,99.4787,4046538769,1,20,0,triangle,circle,heart,0.8,0.5,0.3,2,circle,0.3394,0,reward,10,1,0,-10,-20,120,723,421,loss,reward,loss,-10,10,-10,,,,,,,,,,,,,,,,,,,,,,,,,20
1-900,001,v17.3,bandit,103.262,4046538769,1,21,0,triangle,circle,heart,0.8,0.5,0.3,2,circle,0.4209,0,loss,-10,1,0,10,20,110,604,669,reward,loss,loss,10,-10,-10,,,,,,,,,,,,,,,,,,,,,,,,,21
1-900,001,v17.3,bonus_neutral,107.062,4046538769,1,,,,,,,,,,,,,,,,,,,,,,,,,,,,6,21,sweet,neutral,0,/Users/burgerks/Documents/GitHub/motivated_bandit/_task/stimuli/neutral/bandit_013.jpg,1500,1922,550,down,271,,1,0,0,0,15,90,1.0,1083,2617,4567,4838,4850,36
1-900,001,v17.3,bandit,112.5456,4046538769,1,22,0,triangle,circle,heart,0.8,0.5,0.3,1,triangle,0.7505,0,reward,10,1,1,10,0,120,466,431,reward,loss,loss,10,-10,-10,,,,,,,,,,,,,,,,,,,,,,,,,20
1-900,001,v17.3,bandit,116.4786,4046538769,1,23,0,triangle,circle,heart,0.8,0.5,0.3,1,triangle,0.3979,0,loss,-10,1,1,-10,0,110,641,631,loss,loss,reward,-10,-10,10,,,,,,,,,,,,,,,,,,,,,,,,,21
1-900,001,v17.3,bonus_food,120.2287,4046538769,1,,,,,,,,,,,,,,,,,,,,,,,,,,,,7,23,sweet,food_sweet,1,/Users/burgerks/Documents/GitHub/motivated_bandit/_task/stimuli/win/sweet/sweet_bandit_115.jpg,1500,1245,550,down,232,,1,0,0,0,15,105,1.0,1100,2617,3883,4115,4117,36
1-900,001,v17.3,bandit,124.9787,4046538769,1,24,0,triangle,circle,heart,0.8,0.5,0.3,2,circle,0.4746,0,loss,-10,1,0,10,20,100,531,605,reward,loss,loss,10,-10,-10,,,,,,,,,,,,,,,,,,,,,,,,,21
1-900,001,v17.3,bandit,128.6619,4046538769,1,25,0,triangle,circle,heart,0.8,0.5,0.3,1,triangle,0.6592,0,reward,10,1,1,10,0,110,708,577,reward,reward,reward,10,10,10,,,,,,,,,,,,,,,,,,,,,,,,,20
1-900,001,v17.3,bonus_food,132.8952,4046538769,1,,,,,,,,,,,,,,,,,,,,,,,,,,,,8,25,sweet,food_sweet,1,/Users/burgerks/Documents/GitHub/motivated_bandit/_task/stimuli/win/sweet/sweet_bandit_037.jpg,1500,1712,550,down,257,,1,0,0,0,15,120,1.0,1116,2633,4367,4624,4634,36
1-900,001,v17.3,bandit,138.1626,4046538769,1,26,0,triangle,circle,heart,0.8,0.5,0.3,1,triangle,0.8843,0,reward,10,1,1,10,0,120,800,534,reward,loss,loss,10,-10,-10,,,,,,,,,,,,,,,,,,,,,,,,,20
1-900,001,v17.3,bandit,142.7118,4046538769,1,27,0,triangle,circle,heart,0.8,0.5,0.3,1,triangle,0.3722,0,loss,-10,1,1,-10,0,110,693,653,loss,loss,loss,-10,-10,-10,,,,,,,,,,,,,,,,,,,,,,,,,21
1-900,001,v17.3,bandit,146.5284,4046538769,1,28,0,triangle,circle,heart,0.8,0.5,0.3,1,triangle,0.4005,0,reward,10,1,1,10,0,120,632,439,reward,reward,reward,10,10,10,,,,,,,,,,,,,,,,,,,,,,,,,20
1-900,001,v17.3,bonus_food,150.2784,4046538769,1,,,,,,,,,,,,,,,,,,,,,,,,,,,,9,28,sweet,food_sweet,1,/Users/burgerks/Documents/GitHub/motivated_bandit/_task/stimuli/win/sweet/sweet_bandit_061.jpg,1500,1228,550,down,341,,1,0,0,0,15,135,1.0,1100,2633,3883,4224,4234,36
1-900,001,v17.3,bandit,155.146,4046538769,1,29,0,triangle,circle,heart,0.8,0.5,0.3,1,triangle,0.7053,0,loss,-10,1,1,-10,0,110,540,682,loss,loss,loss,-10,-10,-10,,,,,,,,,,,,,,,,,,,,,,,,,21
1-900,001,v17.3,bandit,159.1618,4046538769,1,30,0,triangle,circle,heart,0.8,0.5,0.3,1,triangle,0.3765,0,reward,10,1,1,10,0,120,587,501,reward,reward,loss,10,10,-10,,,,,,,,,,,,,,,,,,,,,,,,,20
1-900,001,v17.3,bonus_neutral,162.9118,4046538769,1,,,,,,,,,,,,,,,,,,,,,,,,,,,,10,30,sweet,neutral,0,/Users/burgerks/Documents/GitHub/motivated_bandit/_task/stimuli/neutral/bandit_018.jpg,1500,1850,550,down,413,,1,0,0,0,15,150,1.0,1100,2633,4500,4913,4917,36
1-900,001,v17.3,bandit,168.462,4046538769,1,31,0,triangle,circle,heart,0.8,0.5,0.3,1,triangle,0.7875,0,reward,10,1,1,10,0,130,700,468,reward,reward,reward,10,10,10,,,,,,,,,,,,,,,,,,,,,,,,,20
1-900,001,v17.3,bandit,172.6616,4046538769,1,32,0,triangle,circle,heart,0.8,0.5,0.3,1,triangle,0.3284,0,reward,10,1,1,10,0,140,429,463,reward,reward,loss,10,10,-10,,,,,,,,,,,,,,,,,,,,,,,,,20
1-900,001,v17.3,bandit,176.1283,4046538769,1,33,0,triangle,circle,heart,0.8,0.5,0.3,1,triangle,0.6307,0,reward,10,1,1,10,0,150,568,493,reward,loss,loss,10,-10,-10,,,,,,,,,,,,,,,,,,,,,,,,,20
1-900,001,v17.3,bonus_food,180.0449,4046538769,1,,,,,,,,,,,,,,,,,,,,,,,,,,,,11,33,sweet,food_sweet,1,/Users/burgerks/Documents/GitHub/motivated_bandit/_task/stimuli/win/sweet/sweet_bandit_062.jpg,1500,1869,550,down,,852,0,0,1,0,0,150,0.909,1100,0,0,1952,1972,37
1-900,001,v17.3,bandit,185.0624,4046538769,1,34,0,triangle,circle,heart,0.8,0.5,0.3,1,triangle,0.6089,0,loss,-10,1,1,-10,0,140,741,484,loss,reward,loss,-10,10,-10,,,,,,,,,,,,,,,,,,,,,,,,,21
1-900,001,v17.3,bandit,188.9783,4046538769,1,35,0,triangle,circle,heart,0.8,0.5,0.3,2,circle,0.3901,0,loss,-10,1,0,10,20,130,766,569,reward,loss,loss,10,-10,-10,,,,,,,,,,,,,,,,,,,,,,,,,21
1-900,001,v17.3,bonus_food,192.7782,4046538769,1,,,,,,,,,,,,,,,,,,,,,,,,,,,,12,35,sweet,food_sweet,1,/Users/burgerks/Documents/GitHub/motivated_bandit/_task/stimuli/win/sweet/sweet_bandit_065.jpg,1500,1726,550,down,244,,1,0,0,0,15,165,0.917,1117,2650,4400,4644,4650,36
1-900,001,v17.3,bandit,198.0618,4046538769,1,36,0,triangle,circle,heart,0.8,0.5,0.3,3,heart,0.5216,0,loss,-10,1,0,-10,0,120,470,498,loss,reward,loss,-10,10,-10,,,,,,,,,,,,,,,,,,,,,,,,,21
1-900,001,v17.3,bandit,201.6282,4046538769,1,37,0,triangle,circle,heart,0.8,0.5,0.3,3,heart,0.6688,0,loss,-10,1,0,-10,0,110,543,625,loss,reward,loss,-10,10,-10,,,,,,,,,,,,,,,,,,,,,,,,,21
1-900,001,v17.3,bandit,205.5448,4046538769,1,38,0,triangle,circle,heart,0.8,0.5,0.3,2,circle,0.601,0,reward,10,1,0,-10,-20,120,503,614,loss,reward,loss,-10,10,-10,,,,,,,,,,,,,,,,,,,,,,,,,20
1-900,001,v17.3,bonus_food,209.5781,4046538769,1,,,,,,,,,,,,,,,,,,,,,,,,,,,,13,38,sweet,food_sweet,1,/Users/burgerks/Documents/GitHub/motivated_bandit/_task/stimuli/win/sweet/sweet_bandit_124.jpg,1500,1519,550,down,298,,1,0,0,0,15,180,0.923,1117,2633,4183,4481,4484,36
1-900,001,v17.3,bandit,214.695,4046538769,1,39,0,triangle,circle,heart,0.8,0.5,0.3,2,circle,0.9884,0,loss,-10,1,0,-10,0,110,796,462,loss,loss,loss,-10,-10,-10,,,,,,,,,,,,,,,,,,,,,,,,,21
1-900,001,v17.3,bandit,219.028,4046538769,1,40,0,triangle,circle,heart,0.8,0.5,0.3,1,triangle,0.289,0,reward,10,1,1,10,0,120,512,563,reward,reward,loss,10,10,-10,,,,,,,,,,,,,,,,,,,,,,,,,20
1-900,001,v17.3,bonus_neutral,222.678,4046538769,1,,,,,,,,,,,,,,,,,,,,,,,,,,,,14,40,sweet,neutral,0,/Users/burgerks/Documents/GitHub/motivated_bandit/_task/stimuli/neutral/bandit_013.jpg,1500,1666,550,down,303,,1,0,0,0,15,195,0.929,1083,2617,4300,4603,4617,36
1-900,001,v17.3,bandit,227.9284,4046538769,1,41,0,triangle,circle,heart,0.8,0.5,0.3,1,triangle,0.7425,0,reward,10,1,1,10,0,130,797,585,reward,loss,loss,10,-10,-10,,,,,,,,,,,,,,,,,,,,,,,,,20
1-900,001,v17.3,bandit,232.3113,4046538769,1,42,0,triangle,circle,heart,0.8,0.5,0.3,1,triangle,0.4152,0,loss,-10,1,1,-10,0,120,782,439,loss,loss,loss,-10,-10,-10,,,,,,,,,,,,,,,,,,,,,,,,,21
1-900,001,v17.3,bonus_food,236.0279,4046538769,1,,,,,,,,,,,,,,,,,,,,,,,,,,,,15,42,sweet,food_sweet,1,/Users/burgerks/Documents/GitHub/motivated_bandit/_task/stimuli/win/sweet/sweet_bandit_062.jpg,1500,1722,550,down,254,,1,0,0,0,15,210,0.933,1117,2633,4383,4637,4650,36
1-900,001,v17.3,bandit,241.3115,4046538769,1,43,0,triangle,circle,heart,0.8,0.5,0.3,1,triangle,0.539,0,reward,10,1,1,10,0,130,708,400,reward,reward,loss,10,10,-10,,,,,,,,,,,,,,,,,,,,,,,,,20
1-900,001,v17.3,bandit,245.2445,4046538769,1,44,0,triangle,circle,heart,0.8,0.5,0.3,1,triangle,0.4366,0,loss,-10,1,1,-10,0,120,433,560,loss,reward,reward,-10,10,10,,,,,,,,,,,,,,,,,,,,,,,,,21
1-900,001,v17.3,bandit,248.7445,4046538769,1,45,0,triangle,circle,heart,0.8,0.5,0.3,1,triangle,0.5025,0,reward,10,1,1,10,0,130,668,442,reward,loss,loss,10,-10,-10,,,,,,,,,,,,,,,,,,,,,,,,,20
1-900,001,v17.3,bonus_food,252.6111,4046538769,1,,,,,,,,,,,,,,,,,,,,,,,,,,,,16,45,sweet,food_sweet,1,/Users/burgerks/Documents/GitHub/motivated_bandit/_task/stimuli/win/sweet/sweet_bandit_113.jpg,1500,1899,550,down,586,,0,1,0,0,0,210,0.875,1100,2633,4550,5136,5150,37
1-900,001,v17.3,bandit,258.3949,4046538769,1,46,0,triangle,circle,heart,0.8,0.5,0.3,1,triangle,0.81,0,reward,10,1,1,10,0,140,701,536,reward,loss,loss,10,-10,-10,,,,,,,,,,,,,,,,,,,,,,,,,20
1-900,001,v17.3,bandit,262.7278,4046538769,1,47,0,triangle,circle,heart,0.8,0.5,0.3,1,triangle,0.3736,0,reward,10,1,1,10,0,150,626,481,reward,reward,loss,10,10,-10,,,,,,,,,,,,,,,,,,,,,,,,,20
1-900,001,v17.3,bonus_food,266.4777,4046538769,1,,,,,,,,,,,,,,,,,,,,,,,,,,,,17,47,sweet,food_sweet,1,/Users/burgerks/Documents/GitHub/motivated_bandit/_task/stimuli/win/sweet/sweet_bandit_003.jpg,1500,1959,550,down,251,,1,0,0,0,15,225,0.882,1133,2650,4633,4884,4900,36
1-900,001,v17.3,bandit,272.0113,4046538769,1,48,0,triangle,circle,heart,0.8,0.5,0.3,1,triangle,0.6028,0,loss,-10,1,1,-10,0,140,789,697,loss,reward,loss,-10,10,-10,,,,,,,,,,,,,,,,,,,,,,,,,21
1-900,001,v17.3,bandit,276.1943,4046538769,1,49,0,triangle,circle,heart,0.8,0.5,0.3,1,triangle,0.4643,0,reward,10,1,1,10,0,150,581,658,reward,loss,loss,10,-10,-10,,,,,,,,,,,,,,,,,,,,,,,,,20
1-900,001,v17.3,bonus_neutral,280.1609,4046538769,1,,,,,,,,,,,,,,,,,,,,,,,,,,,,18,49,sweet,neutral,0,/Users/burgerks/Documents/GitHub/motivated_bandit/_task/stimuli/neutral/bandit_007.jpg,1500,1838,550,down,360,,1,0,0,0,15,240,0.889,1083,2617,4483,4843,4850,36
1-900,001,v17.3,bandit,285.6447,4046538769,1,50,0,triangle,circle,heart,0.8,0.5,0.3,1,triangle,0.6802,0,reward,10,1,1,10,0,160,578,447,reward,loss,loss,10,-10,-10,,,,,,,,,,,,,,,,,,,,,,,,,20
1-900,001,v17.3,bandit,289.611,4046538769,1,51,0,triangle,circle,heart,0.8,0.5,0.3,1,triangle,0.4274,0,reward,10,1,1,10,0,170,644,555,reward,reward,loss,10,10,-10,,,,,,,,,,,,,,,,,,,,,,,,,20
1-900,001,v17.3,bandit,293.4775,4046538769,1,52,0,triangle,circle,heart,0.8,0.5,0.3,1,triangle,0.4266,0,reward,10,1,1,10,0,180,764,607,reward,loss,loss,10,-10,-10,,,,,,,,,,,,,,,,,,,,,,,,,20
1-900,001,v17.3,bandit,297.4942,4046538769,1,53,0,triangle,circle,heart,0.8,0.5,0.3,1,triangle,0.3539,0,reward,10,1,1,10,0,190,454,560,reward,loss,loss,10,-10,-10,,,,,,,,,,,,,,,,,,,,,,,,,20
1-900,001,v17.3,bandit,301.1942,4046538769,1,54,1,triangle,circle,heart,0.5,0.3,0.8,1,triangle,0.4249,0,loss,-10,3,0,10,20,180,613,433,loss,loss,reward,-10,-10,10,,,,,,,,,,,,,,,,,,,,,,,,,21
1-900,001,v17.3,bandit,304.7442,4046538769,1,55,1,triangle,circle,heart,0.5,0.3,0.8,1,triangle,0.4187,0,loss,-10,3,0,10,20,170,742,663,loss,loss,reward,-10,-10,10,,,,,,,,,,,,,,,,,,,,,,,,,21
1-900,001,v17.3,bandit,308.6442,4046538769,1,56,1,triangle,circle,heart,0.5,0.3,0.8,2,circle,0.3646,0,loss,-10,3,0,-10,0,160,774,687,reward,loss,loss,10,-10,-10,,,,,,,,,,,,,,,,,,,,,,,,,21
1-900,001,v17.3,bandit,312.5441,4046538769,1,57,1,triangle,circle,heart,0.5,0.3,0.8,3,heart,0.3185,0,reward,10,3,1,10,0,170,435,426,reward,reward,reward,10,10,10,,,,,,,,,,,,,,,,,,,,,,,,,20
1-900,001,v17.3,bandit,316.0275,4046538769,1,58,1,triangle,circle,heart,0.5,0.3,0.8,3,heart,0.4591,0,reward,10,3,1,10,0,180,759,672,loss,loss,reward,-10,-10,10,,,,,,,,,,,,,,,,,,,,,,,,,20
1-900,001,v17.3,bonus_food,320.1608,4046538769,1,,,,,,,,,,,,,,,,,,,,,,,,,,,,19,58,sweet,food_sweet,1,/Users/burgerks/Documents/GitHub/motivated_bandit/_task/stimuli/win/sweet/sweet_bandit_028.jpg,1500,1270,550,right,286,,1,0,0,0,15,255,0.895,1100,2633,3933,4219,4234,36
1-900,001,v17.3,bandit,325.0277,4046538769,1,59,1,triangle,circle,heart,0.5,0.3,0.8,3,heart,0.8627,0,reward,10,3,1,10,0,190,714,675,loss,loss,reward,-10,-10,10,,,,,,,,,,,,,,,,,,,,,,,,,20
1-900,001,v17.3,bandit,329.5273,4046538769,1,60,1,triangle,circle,heart,0.5,0.3,0.8,3,heart,0.3917,0,reward,10,3,1,10,0,200,571,665,reward,loss,reward,10,-10,10,,,,,,,,,,,,,,,,,,,,,,,,,20
1-900,001,v17.3,bonus_food,333.394,4046538769,1,,,,,,,,,,,,,,,,,,,,,,,,,,,,20,60,sweet,food_sweet,1,/Users/burgerks/Documents/GitHub/motivated_bandit/_task/stimuli/win/sweet/sweet_bandit_134.jpg,1500,1781,550,right,248,,1,0,0,0,15,270,0.9,1083,2617,4417,4665,4667,36
1-900,001,v17.3,bandit,338.6944,4046538769,1,61,1,triangle,circle,heart,0.5,0.3,0.8,3,heart,0.578,0,loss,-10,3,1,-10,0,190,601,581,reward,reward,loss,10,10,-10,,,,,,,,,,,,,,,,,,,,,,,,,21
1-900,001,v17.3,bandit,342.544,4046538769,1,62,1,triangle,circle,heart,0.5,0.3,0.8,2,circle,0.3379,0,reward,10,3,0,10,0,200,779,461,loss,reward,reward,-10,10,10,,,,,,,,,,,,,,,,,,,,,,,,,20
1-900,001,v17.3,bonus_neutral,346.3774,4046538769,1,,,,,,,,,,,,,,,,,,,,,,,,,,,,21,62,sweet,neutral,0,/Users/burgerks/Documents/GitHub/motivated_bandit/_task/stimuli/neutral/bandit_017.jpg,1500,1619,550,down,259,,1,0,0,0,15,285,0.905,1100,2633,4283,4542,4550,36
1-900,001,v17.3,bandit,351.5608,4046538769,1,63,1,triangle,circle,heart,0.5,0.3,0.8,2,circle,0.4983,0,reward,10,3,0,10,0,210,483,638,reward,reward,reward,10,10,10,,,,,,,,,,,,,,,,,,,,,,,,,20
1-900,001,v17.3,bandit,355.4272,4046538769,1,64,1,triangle,circle,heart,0.5,0.3,0.8,3,heart,0.4365,0,reward,10,3,1,10,0,220,697,424,reward,reward,reward,10,10,10,,,,,,,,,,,,,,,,,,,,,,,,,20
1-900,001,v17.3,bonus_food,359.2605,4046538769,1,,,,,,,,,,,,,,,,,,,,,,,,,,,,22,64,sweet,food_sweet,1,/Users/burgerks/Documents/GitHub/motivated_bandit/_task/stimuli/win/sweet/sweet_bandit_051.jpg,1500,1740,550,right,272,,1,0,0,0,15,300,0.909,1100,2633,4400,4672,4684,36
1-900,001,v17.3,bandit,364.5773,4046538769,1,65,1,triangle,circle,heart,0.5,0.3,0.8,3,heart,0.5092,0,reward,10,3,1,10,0,230,591,465,loss,loss,reward,-10,-10,10,,,,,,,,,,,,,,,,,,,,,,,,,20
1-900,001,v17.3,bandit,368.4104,4046538769,1,66,1,triangle,circle,heart,0.5,0.3,0.8,3,heart,0.4238,0,reward,10,3,1,10,0,240,569,614,reward,loss,reward,10,-10,10,,,,,,,,,,,,,,,,,,,,,,,,,20
1-900,001,v17.3,bandit,372.3271,4046538769,1,67,1,triangle,circle,heart,0.5,0.3,0.8,3,heart,0.452,0,loss,-10,3,1,-10,0,230,440,687,reward,loss,loss,10,-10,-10,,,,,,,,,,,,,,,,,,,,,,,,,21
1-900,001,v17.3,bandit,376.0104,4046538769,1,68,1,triangle,circle,heart,0.5,0.3,0.8,2,circle,0.3046,0,loss,-10,3,0,10,20,220,509,517,reward,loss,reward,10,-10,10,,,,,,,,,,,,,,,,,,,,,,,,,21
1-900,001,v17.3,bonus_food,379.4104,4046538769,1,,,,,,,,,,,,,,,,,,,,,,,,,,,,23,68,sweet,food_sweet,1,/Users/burgerks/Documents/GitHub/motivated_bandit/_task/stimuli/win/sweet/sweet_bandit_019.jpg,1500,1624,550,right,597,,0,1,0,0,0,300,0.87,1117,2650,4300,4897,4900,37
1-900,001,v17.3,bandit,384.944,4046538769,1,69,1,triangle,circle,heart,0.5,0.3,0.8,3,heart,0.5334,0,reward,10,3,1,10,0,230,400,668,loss,loss,reward,-10,-10,10,,,,,,,,,,,,,,,,,,,,,,,,,20
1-900,001,v17.3,bandit,388.8604,4046538769,1,70,1,triangle,circle,heart,0.5,0.3,0.8,3,heart,0.4656,0,reward,10,3,1,10,0,240,612,412,loss,reward,reward,-10,10,10,,,,,,,,,,,,,,,,,,,,,,,,,20
1-900,001,v17.3,bandit,392.6104,4046538769,1,71,1,triangle,circle,heart,0.5,0.3,0.8,3,heart,0.2906,0,loss,-10,3,1,-10,0,230,774,688,reward,reward,loss,10,10,-10,,,,,,,,,,,,,,,,,,,,,,,,,21
1-900,001,v17.3,bonus_food,396.4604,4046538769,1,,,,,,,,,,,,,,,,,,,,,,,,,,,,24,71,sweet,food_sweet,1,/Users/burgerks/Documents/GitHub/motivated_bandit/_task/stimuli/win/sweet/sweet_bandit_115.jpg,1500,1364,550,down,246,,1,0,0,0,15,315,0.875,1100,2633,4017,4263,4268,36
1-900,001,v17.3,bandit,401.3606,4046538769,1,72,1,triangle,circle,heart,0.5,0.3,0.8,2,circle,0.5655,0,loss,-10,3,0,10,20,220,747,548,loss,loss,reward,-10,-10,10,,,,,,,,,,,,,,,,,,,,,,,,,21
1-900,001,v17.3,bandit,405.2603,4046538769,1,73,1,triangle,circle,heart,0.5,0.3,0.8,3,heart,0.3904,0,reward,10,3,1,10,0,230,575,441,loss,reward,reward,-10,10,10,,,,,,,,,,,,,,,,,,,,,,,,,20
1-900,001,v17.3,bonus_neutral,409.0102,4046538769,1,,,,,,,,,,,,,,,,,,,,,,,,,,,,25,73,sweet,neutral,0,/Users/burgerks/Documents/GitHub/motivated_bandit/_task/stimuli/neutral/bandit_016.jpg,1500,1899,550,right,484,,1,0,0,0,15,330,0.88,1117,2633,4550,5034,5050,36
1-900,001,v17.3,bandit,414.6939,4046538769,1,74,1,triangle,circle,heart,0.5,0.3,0.8,3,heart,0.5724,0,loss,-10,3,1,-10,0,220,618,481,loss,loss,loss,-10,-10,-10,,,,,,,,,,,,,,,,,,,,,,,,,21
1-900,001,v17.3,bandit,418.4601,4046538769,1,75,1,triangle,circle,heart,0.5,0.3,0.8,2,circle,0.4137,0,reward,10,3,0,10,0,230,444,589,reward,reward,reward,10,10,10,,,,,,,,,,,,,,,,,,,,,,,,,20
1-900,001,v17.3,bandit,422.1934,4046538769,1,76,1,triangle,circle,heart,0.5,0.3,0.8,2,circle,0.7782,0,loss,-10,3,0,10,20,220,687,680,reward,loss,reward,10,-10,10,,,,,,,,,,,,,,,,,,,,,,,,,21
1-900,001,v17.3,bonus_food,426.4267,4046538769,1,,,,,,,,,,,,,,,,,,,,,,,,,,,,26,76,sweet,food_sweet,1,/Users/burgerks/Documents/GitHub/motivated_bandit/_task/stimuli/win/sweet/sweet_bandit_054.jpg,1500,1860,550,right,232,,1,0,0,0,15,345,0.885,1100,2633,4517,4749,4750,36
1-900,001,v17.3,bandit,431.8102,4046538769,1,77,1,triangle,circle,heart,0.5,0.3,0.8,3,heart,0.6452,0,reward,10,3,1,10,0,230,708,609,reward,loss,reward,10,-10,10,,,,,,,,,,,,,,,,,,,,,,,,,20
1-900,001,v17.3,bandit,436.0267,4046538769,1,78,1,triangle,circle,heart,0.5,0.3,0.8,3,heart,0.4894,0,loss,-10,3,1,-10,0,220,546,567,reward,reward,loss,10,10,-10,,,,,,,,,,,,,,,,,,,,,,,,,21
1-900,001,v17.3,bonus_food,439.7101,4046538769,1,,,,,,,,,,,,,,,,,,,,,,,,,,,,27,78,sweet,food_sweet,1,/Users/burgerks/Documents/GitHub/motivated_bandit/_task/stimuli/win/sweet/sweet_bandit_098.jpg,1500,1838,550,right,,639,0,0,1,0,0,345,0.852,1117,0,0,1756,1768,37
1-900,001,v17.3,bandit,444.5271,4046538769,1,79,1,triangle,circle,heart,0.5,0.3,0.8,3,heart,0.5319,0,reward,10,3,1,10,0,230,662,594,reward,reward,reward,10,10,10,,,,,,,,,,,,,,,,,,,,,,,,,20
1-900,001,v17.3,bandit,448.6266,4046538769,1,80,1,triangle,circle,heart,0.5,0.3,0.8,3,heart,0.6896,0,reward,10,3,1,10,0,240,703,626,loss,reward,reward,-10,10,10,,,,,,,,,,,,,,,,,,,,,,,,,20
1-900,001,v17.3,bonus_food,452.9099,4046538769,1,,,,,,,,,,,,,,,,,,,,,,,,,,,,28,80,sweet,food_sweet,1,/Users/burgerks/Documents/GitHub/motivated_bandit/_task/stimuli/win/sweet/sweet_bandit_060.jpg,1500,1480,550,right,312,,1,0,0,0,15,360,0.857,1100,2633,4133,4445,4450,36
1-900,001,v17.3,bandit,457.9936,4046538769,1,81,1,triangle,circle,heart,0.5,0.3,0.8,3,heart,0.5348,0,reward,10,3,1,10,0,250,703,477,loss,reward,reward,-10,10,10,,,,,,,,,,,,,,,,,,,,,,,,,20
1-900,001,v17.3,bandit,461.9766,4046538769,1,82,1,triangle,circle,heart,0.5,0.3,0.8,3,heart,0.4724,0,reward,10,3,1,10,0,260,595,482,loss,loss,reward,-10,-10,10,,,,,,,,,,,,,,,,,,,,,,,,,20
1-900,001,v17.3,bandit,465.7432,4046538769,1,83,1,triangle,circle,heart,0.5,0.3,0.8,3,heart,0.4426,0,reward,10,3,1,10,0,270,632,522,reward,reward,reward,10,10,10,,,,,,,,,,,,,,,,,,,,,,,,,20
1-900,001,v17.3,bonus_food,469.5932,4046538769,1,,,,,,,,,,,,,,,,,,,,,,,,,,,,29,83,sweet,food_sweet,1,/Users/burgerks/Documents/GitHub/motivated_bandit/_task/stimuli/win/sweet/sweet_bandit_008.jpg,1500,1522,550,right,230,,1,0,0,0,15,375,0.862,1100,2617,4167,4397,4400,36
1-900,001,v17.3,bandit,474.6268,4046538769,1,84,1,triangle,circle,heart,0.5,0.3,0.8,3,heart,0.5919,0,reward,10,3,1,10,0,280,764,665,reward,loss,reward,10,-10,10,,,,,,,,,,,,,,,,,,,,,,,,,20
1-900,001,v17.3,bandit,478.9265,4046538769,1,85,1,triangle,circle,heart,0.5,0.3,0.8,3,heart,0.5163,0,reward,10,3,1,10,0,290,671,414,loss,loss,reward,-10,-10,10,,,,,,,,,,,,,,,,,,,,,,,,,20
1-900,001,v17.3,bandit,482.7598,4046538769,1,86,1,triangle,circle,heart,0.5,0.3,0.8,3,heart,0.4099,0,reward,10,3,1,10,0,300,797,432,reward,loss,reward,10,-10,10,,,,,,,,,,,,,,,,,,,,,,,,,20
1-900,001,v17.3,bonus_neutral,486.6431,4046538769,1,,,,,,,,,,,,,,,,,,,,,,,,,,,,30,86,sweet,neutral,0,/Users/burgerks/Documents/GitHub/motivated_bandit/_task/stimuli/neutral/bandit_020.jpg,1500,1735,550,right,347,,1,0,0,0,15,390,0.867,1117,2633,4400,4747,4750,36
1-900,001,v17.3,bandit,492.0267,4046538769,1,87,1,triangle,circle,heart,0.5,0.3,0.8,3,heart,0.5767,0,reward,10,3,1,10,0,310,720,593,reward,loss,reward,10,-10,10,,,,,,,,,,,,,,,,,,,,,,,,,20
1-900,001,v17.3,bandit,496.1764,4046538769,1,88,1,triangle,circle,heart,0.5,0.3,0.8,3,heart,0.4045,0,loss,-10,3,1,-10,0,300,798,528,reward,loss,loss,10,-10,-10,,,,,,,,,,,,,,,,,,,,,,,,,21
1-900,001,v17.3,bonus_food,499.9931,4046538769,1,,,,,,,,,,,,,,,,,,,,,,,,,,,,31,88,sweet,food_sweet,1,/Users/burgerks/Documents/GitHub/motivated_bandit/_task/stimuli/win/sweet/sweet_bandit_149.jpeg,1500,1799,550,right,268,,1,0,0,0,15,405,0.871,1100,2633,4450,4718,4734,36
1-900,001,v17.3,bandit,505.3433,4046538769,1,89,1,triangle,circle,heart,0.5,0.3,0.8,3,heart,0.5698,0,reward,10,3,1,10,0,310,771,454,loss,loss,reward,-10,-10,10,,,,,,,,,,,,,,,,,,,,,,,,,20
1-900,001,v17.3,bandit,509.4263,4046538769,1,90,1,triangle,circle,heart,0.5,0.3,0.8,3,heart,0.4664,0,reward,10,3,1,10,0,320,606,601,reward,loss,reward,10,-10,10,,,,,,,,,,,,,,,,,,,,,,,,,20
1-900,001,v17.3,bonus_food,513.4096,4046538769,1,,,,,,,,,,,,,,,,,,,,,,,,,,,,32,90,sweet,food_sweet,1,/Users/burgerks/Documents/GitHub/motivated_bandit/_task/stimuli/win/sweet/sweet_bandit_110.jpg,1500,1419,550,right,533,,1,0,0,0,15,420,0.875,1117,2633,4083,4616,4617,36
1-900,001,v17.3,bandit,518.6599,4046538769,1,91,1,triangle,circle,heart,0.5,0.3,0.8,3,heart,0.6122,0,reward,10,3,1,10,0,330,430,655,loss,loss,reward,-10,-10,10,,,,,,,,,,,,,,,,,,,,,,,,,20
1-900,001,v17.3,bandit,522.6428,4046538769,1,92,1,triangle,circle,heart,0.5,0.3,0.8,3,heart,0.5298,0,reward,10,3,1,10,0,340,654,532,loss,reward,reward,-10,10,10,,,,,,,,,,,,,,,,,,,,,,,,,20
1-900,001,v17.3,bandit,526.6428,4046538769,1,93,1,triangle,circle,heart,0.5,0.3,0.8,3,heart,0.5406,0,reward,10,3,1,10,0,350,569,431,reward,loss,reward,10,-10,10,,,,,,,,,,,,,,,,,,,,,,,,,20
1-900,001,v17.3,bonus_neutral,530.4261,4046538769,1,,,,,,,,,,,,,,,,,,,,,,,,,,,,33,93,sweet,neutral,0,/Users/burgerks/Documents/GitHub/motivated_bandit/_task/stimuli/neutral/bandit_016.jpg,1500,1298,550,right,475,,1,0,0,0,15,435,0.879,1100,2633,3950,4425,4434,36
1-900,001,v17.3,bandit,535.4932,4046538769,1,94,1,triangle,circle,heart,0.5,0.3,0.8,3,heart,0.6406,0,loss,-10,3,1,-10,0,340,760,655,reward,loss,loss,10,-10,-10,,,,,,,,,,,,,,,,,,,,,,,,,21
1-900,001,v17.3,bandit,539.6428,4046538769,1,95,1,triangle,circle,heart,0.5,0.3,0.8,3,heart,0.5302,0,reward,10,3,1,10,0,350,735,407,loss,reward,reward,-10,10,10,,,,,,,,,,,,,,,,,,,,,,,,,20
1-900,001,v17.3,bonus_food,543.5761,4046538769,1,,,,,,,,,,,,,,,,,,,,,,,,,,,,34,95,sweet,food_sweet,1,/Users/burgerks/Documents/GitHub/motivated_bandit/_task/stimuli/win/sweet/sweet_bandit_120.jpg,1500,1251,550,right,330,,1,0,0,0,15,450,0.882,1117,2633,3917,4247,4250,36
1-900,001,v17.3,bandit,548.4597,4046538769,1,96,1,triangle,circle,heart,0.5,0.3,0.8,3,heart,0.5695,0,reward,10,3,1,10,0,360,771,508,loss,reward,reward,-10,10,10,,,,,,,,,,,,,,,,,,,,,,,,,20
1-900,001,v17.3,bandit,552.5593,4046538769,1,97,1,triangle,circle,heart,0.5,0.3,0.8,3,heart,0.4044,0,reward,10,3,1,10,0,370,604,669,reward,loss,reward,10,-10,10,,,,,,,,,,,,,,,,,,,,,,,,,20
1-900,001,v17.3,bandit,556.6093,4046538769,1,98,1,triangle,circle,heart,0.5,0.3,0.8,3,heart,0.4663,0,reward,10,3,1,10,0,380,486,620,loss,reward,reward,-10,10,10,,,,,,,,,,,,,,,,,,,,,,,,,20
1-900,001,v17.3,bonus_neutral,560.5093,4046538769,1,,,,,,,,,,,,,,,,,,,,,,,,,,,,35,98,sweet,neutral,0,/Users/burgerks/Documents/GitHub/motivated_bandit/_task/stimuli/neutral/bandit_009.jpg,1500,1752,550,down,819,,0,1,0,0,0,450,0.857,1100,2633,4417,5236,5250,37
1-900,001,v17.3,bandit,566.3929,4046538769,1,99,1,triangle,circle,heart,0.5,0.3,0.8,3,heart,0.6027,0,reward,10,3,1,10,0,390,756,685,loss,reward,reward,-10,10,10,,,,,,,,,,,,,,,,,,,,,,,,,20
1-900,001,v17.3,bandit,570.7259,4046538769,1,100,1,triangle,circle,heart,0.5,0.3,0.8,3,heart,0.42,0,reward,10,3,1,10,0,400,470,424,reward,loss,reward,10,-10,10,,,,,,,,,,,,,,,,,,,,,,,,,20
1-900,001,v17.3,bandit,875.7546,4046538769,2,1,0,rose,cinquefoil,knot,0.3,0.5,0.8,3,knot,1.4236,0,reward,10,3,1,10,0,410,670,553,loss,loss,reward,-10,-10,10,,,,,,,,,,,,,,,,,,,,,,,,,20
1-900,001,v17.3,bandit,880.724,4046538769,2,2,0,rose,cinquefoil,knot,0.3,0.5,0.8,3,knot,0.5561,0,reward,10,3,1,10,0,420,688,527,loss,reward,reward,-10,10,10,,,,,,,,,,,,,,,,,,,,,,,,,20
1-900,001,v17.3,bandit,884.774,4046538769,2,3,0,rose,cinquefoil,knot,0.3,0.5,0.8,2,cinquefoil,1.2016,0,reward,10,3,0,10,0,430,565,626,loss,reward,reward,-10,10,10,,,,,,,,,,,,,,,,,,,,,,,,,20
1-900,001,v17.3,bandit,889.4239,4046538769,2,4,0,rose,cinquefoil,knot,0.3,0.5,0.8,2,cinquefoil,1.5311,0,reward,10,3,0,-10,-20,440,617,516,loss,reward,loss,-10,10,-10,,,,,,,,,,,,,,,,,,,,,,,,,20
1-900,001,v17.3,bandit,894.3405,4046538769,2,5,0,rose,cinquefoil,knot,0.3,0.5,0.8,1,rose,0.6284,0,loss,-10,3,0,10,20,430,769,527,loss,reward,reward,-10,10,10,,,,,,,,,,,,,,,,,,,,,,,,,21
1-900,001,v17.3,bandit,898.3405,4046538769,2,6,0,rose,cinquefoil,knot,0.3,0.5,0.8,2,cinquefoil,1.0875,0,loss,-10,3,0,10,20,420,773,558,reward,loss,reward,10,-10,10,,,,,,,,,,,,,,,,,,,,,,,,,21
1-900,001,v17.3,bandit,902.8404,4046538769,2,7,0,rose,cinquefoil,knot,0.3,0.5,0.8,3,knot,0.4324,0,reward,10,3,1,10,0,430,514,666,loss,reward,reward,-10,10,10,,,,,,,,,,,,,,,,,,,,,,,,,20
1-900,001,v17.3,bandit,906.707,4046538769,2,8,0,rose,cinquefoil,knot,0.3,0.5,0.8,2,cinquefoil,0.4486,0,reward,10,3,0,10,0,440,522,427,reward,reward,reward,10,10,10,,,,,,,,,,,,,,,,,,,,,,,,,20
1-900,001,v17.3,bonus_food,910.3737,4046538769,2,,,,,,,,,,,,,,,,,,,,,,,,,,,,36,8,sweet,food_sweet,1,/Users/burgerks/Documents/GitHub/motivated_bandit/_task/stimuli/win/sweet/sweet_bandit_008.jpg,1500,1904,550,down,351,,1,0,0,0,15,465,0.861,1100,2633,4567,4918,4934,36
1-900,001,v17.3,bandit,915.9407,4046538769,2,9,0,rose,cinquefoil,knot,0.3,0.5,0.8,2,cinquefoil,0.9115,0,loss,-10,3,0,10,20,430,532,688,loss,loss,reward,-10,-10,10,,,,,,,,,,,,,,,,,,,,,,,,,21
1-900,001,v17.3,bandit,920.1404,4046538769,2,10,0,rose,cinquefoil,knot,0.3,0.5,0.8,1,rose,0.4503,0,loss,-10,3,0,10,20,420,626,557,loss,reward,reward,-10,10,10,,,,,,,,,,,,,,,,,,,,,,,,,21
1-900,001,v17.3,bonus_food,923.857,4046538769,2,,,,,,,,,,,,,,,,,,,,,,,,,,,,37,10,sweet,food_sweet,1,/Users/burgerks/Documents/GitHub/motivated_bandit/_task/stimuli/win/sweet/sweet_bandit_087.jpg,1500,1275,550,right,488,,1,0,0,0,15,480,0.865,1117,2633,3933,4421,4434,36
1-900,001,v17.3,bandit,928.924,4046538769,2,11,0,rose,cinquefoil,knot,0.3,0.5,0.8,3,knot,0.6594,0,reward,10,3,1,10,0,430,472,406,loss,reward,reward,-10,10,10,,,,,,,,,,,,,,,,,,,,,,,,,20
1-900,001,v17.3,bandit,932.7569,4046538769,2,12,0,rose,cinquefoil,knot,0.3,0.5,0.8,3,knot,0.3959,0,reward,10,3,1,10,0,440,768,431,loss,reward,reward,-10,10,10,,,,,,,,,,,,,,,,,,,,,,,,,20
1-900,001,v17.3,bonus_food,936.6235,4046538769,2,,,,,,,,,,,,,,,,,,,,,,,,,,,,38,12,sweet,food_sweet,1,/Users/burgerks/Documents/GitHub/motivated_bandit/_task/stimuli/win/sweet/sweet_bandit_160.jpg,1500,1677,550,right,259,,1,0,0,0,15,495,0.868,1117,2633,4333,4592,4600,36
1-900,001,v17.3,bandit,941.8404,4046538769,2,13,0,rose,cinquefoil,knot,0.3,0.5,0.8,3,knot,0.5354,0,reward,10,3,1,10,0,450,466,578,loss,reward,reward,-10,10,10,,,,,,,,,,,,,,,,,,,,,,,,,20
1-900,001,v17.3,bandit,945.6903,4046538769,2,14,0,rose,cinquefoil,knot,0.3,0.5,0.8,3,knot,0.4493,0,reward,10,3,1,10,0,460,420,474,reward,reward,reward,10,10,10,,,,,,,,,,,,,,,,,,,,,,,,,20
1-900,001,v17.3,bonus_food,949.3235,4046538769,2,,,,,,,,,,,,,,,,,,,,,,,,,,,,39,14,sweet,food_sweet,1,/Users/burgerks/Documents/GitHub/motivated_bandit/_task/stimuli/win/sweet/sweet_bandit_117.jpg,1500,1835,550,right,257,,1,0,0,0,15,510,0.872,1100,2633,4500,4757,4767,36
1-900,001,v17.3,bandit,954.7239,4046538769,2,15,0,rose,cinquefoil,knot,0.3,0.5,0.8,3,knot,0.5846,0,reward,10,3,1,10,0,470,470,625,loss,reward,reward,-10,10,10,,,,,,,,,,,,,,,,,,,,,,,,,20
1-900,001,v17.3,bandit,958.7068,4046538769,2,16,0,rose,cinquefoil,knot,0.3,0.5,0.8,3,knot,0.4432,0,reward,10,3,1,10,0,480,402,676,loss,loss,reward,-10,-10,10,,,,,,,,,,,,,,,,,,,,,,,,,20
1-900,001,v17.3,bonus_food,962.5901,4046538769,2,,,,,,,,,,,,,,,,,,,,,,,,,,,,40,16,sweet,food_sweet,1,/Users/burgerks/Documents/GitHub/motivated_bandit/_task/stimuli/win/sweet/sweet_bandit_087.jpg,1500,1783,550,right,379,,1,0,0,0,15,525,0.875,1117,2633,4433,4812,4817,36
1-900,001,v17.3,bandit,968.0403,4046538769,2,17,0,rose,cinquefoil,knot,0.3,0.5,0.8,3,knot,0.5591,0,reward,10,3,1,10,0,490,500,501,loss,loss,reward,-10,-10,10,,,,,,,,,,,,,,,,,,,,,,,,,20
1-900,001,v17.3,bandit,971.9066,4046538769,2,18,0,rose,cinquefoil,knot,0.3,0.5,0.8,3,knot,0.5263,0,reward,10,3,1,10,0,500,784,410,loss,loss,reward,-10,-10,10,,,,,,,,,,,,,,,,,,,,,,,,,20
1-900,001,v17.3,bonus_food,975.8733,4046538769,2,,,,,,,,,,,,,,,,,,,,,,,,,,,,41,18,sweet,food_sweet,1,/Users/burgerks/Documents/GitHub/motivated_bandit/_task/stimuli/win/sweet/sweet_bandit_110.jpg,1500,1446,550,right,461,,1,0,0,0,15,540,0.878,1100,2633,4100,4561,4567,36
1-900,001,v17.3,bandit,981.057,4046538769,2,19,0,rose,cinquefoil,knot,0.3,0.5,0.8,3,knot,0.7601,0,reward,10,3,1,10,0,510,578,617,reward,loss,reward,10,-10,10,,,,,,,,,,,,,,,,,,,,,,,,,20
1-900,001,v17.3,bandit,985.29,4046538769,2,20,0,rose,cinquefoil,knot,0.3,0.5,0.8,3,knot,0.5387,0,reward,10,3,1,10,0,520,416,586,loss,loss,reward,-10,-10,10,,,,,,,,,,,,,,,,,,,,,,,,,20
1-900,001,v17.3,bonus_neutral,989.09,4046538769,2,,,,,,,,,,,,,,,,,,,,,,,,,,,,42,20,sweet,neutral,0,/Users/burgerks/Documents/GitHub/motivated_bandit/_task/stimuli/neutral/bandit_024.jpg,1500,1523,550,right,262,,1,0,0,0,15,555,0.881,1100,2633,4183,4445,4450,36
1-900,001,v17.3,bandit,994.1733,4046538769,2,21,0,rose,cinquefoil,knot,0.3,0.5,0.8,3,knot,0.5208,0,reward,10,3,1,10,0,530,702,429,loss,loss,reward,-10,-10,10,,,,,,,,,,,,,,,,,,,,,,,,,20
1-900,001,v17.3,bandit,998.1232,4046538769,2,22,0,rose,cinquefoil,knot,0.3,0.5,0.8,3,knot,0.4807,0,reward,10,3,1,10,0,540,710,507,reward,reward,reward,10,10,10,,,,,,,,,,,,,,,,,,,,,,,,,20
1-900,001,v17.3,bonus_neutral,1002.0732,4046538769,2,,,,,,,,,,,,,,,,,,,,,,,,,,,,43,22,sweet,neutral,0,/Users/burgerks/Documents/GitHub/motivated_bandit/_task/stimuli/neutral/bandit_020.jpg,1500,1354,550,right,305,,1,0,0,0,15,570,0.884,1117,2633,4017,4322,4334,36
1-900,001,v17.3,bandit,1007.0401,4046538769,2,23,0,rose,cinquefoil,knot,0.3,0.5,0.8,3,knot,0.6711,0,loss,-10,3,1,-10,0,530,428,602,reward,loss,loss,10,-10,-10,,,,,,,,,,,,,,,,,,,,,,,,,21
1-900,001,v17.3,bandit,1010.823,4046538769,2,24,0,rose,cinquefoil,knot,0.3,0.5,0.8,2,cinquefoil,0.6556,0,reward,10,3,0,10,0,540,417,641,loss,reward,reward,-10,10,10,,,,,,,,,,,,,,,,,,,,,,,,,20
1-900,001,v17.3,bonus_neutral,1014.8064,4046538769,2,,,,,,,,,,,,,,,,,,,,,,,,,,,,44,24,sweet,neutral,0,/Users/burgerks/Documents/GitHub/motivated_bandit/_task/stimuli/neutral/bandit_010.jpg,1500,1658,550,down,482,,1,0,0,0,15,585,0.886,1100,2633,4317,4799,4800,36
1-900,001,v17.3,bandit,1020.2399,4046538769,2,25,0,rose,cinquefoil,knot,0.3,0.5,0.8,2,cinquefoil,0.5532,0,loss,-10,3,0,10,20,530,460,619,reward,loss,reward,10,-10,10,,,,,,,,,,,,,,,,,,,,,,,,,21
1-900,001,v17.3,bandit,1023.9731,4046538769,2,26,0,rose,cinquefoil,knot,0.3,0.5,0.8,2,cinquefoil,0.6439,0,loss,-10,3,0,10,20,520,597,548,reward,loss,reward,10,-10,10,,,,,,,,,,,,,,,,,,,,,,,,,21
1-900,001,v17.3,bonus_food,1027.8231,4046538769,2,,,,,,,,,,,,,,,,,,,,,,,,,,,,45,26,sweet,food_sweet,1,/Users/burgerks/Documents/GitHub/motivated_bandit/_task/stimuli/win/sweet/sweet_bandit_120.jpg,1500,1894,550,right,278,,1,0,0,0,15,600,0.889,1117,2650,4567,4845,4850,36
1-900,001,v17.3,bandit,1033.3066,4046538769,2,27,0,rose,cinquefoil,knot,0.3,0.5,0.8,3,knot,0.5518,0,reward,10,3,1,10,0,530,522,516,reward,loss,reward,10,-10,10,,,,,,,,,,,,,,,,,,,,,,,,,20
1-900,001,v17.3,bandit,1037.1896,4046538769,2,28,0,rose,cinquefoil,knot,0.3,0.5,0.8,3,knot,0.4524,0,reward,10,3,1,10,0,540,728,596,loss,reward,reward,-10,10,10,,,,,,,,,,,,,,,,,,,,,,,,,20
1-900,001,v17.3,bonus_neutral,1041.2229,4046538769,2,,,,,,,,,,,,,,,,,,,,,,,,,,,,46,28,sweet,neutral,0,/Users/burgerks/Documents/GitHub/motivated_bandit/_task/stimuli/neutral/bandit_003.jpg,1500,1601,550,right,348,,1,0,0,0,15,615,0.891,1100,2617,4250,4598,4600,36
1-900,001,v17.3,bandit,1046.4565,4046538769,2,29,0,rose,cinquefoil,knot,0.3,0.5,0.8,3,knot,0.6421,0,reward,10,3,1,10,0,550,532,521,loss,loss,reward,-10,-10,10,,,,,,,,,,,,,,,,,,,,,,,,,20
1-900,001,v17.3,bandit,1050.4061,4046538769,2,30,0,rose,cinquefoil,knot,0.3,0.5,0.8,3,knot,0.485,0,reward,10,3,1,10,0,560,483,555,loss,reward,reward,-10,10,10,,,,,,,,,,,,,,,,,,,,,,,,,20
1-900,001,v17.3,bonus_food,1054.1728,4046538769,2,,,,,,,,,,,,,,,,,,,,,,,,,,,,47,30,sweet,food_sweet,1,/Users/burgerks/Documents/GitHub/motivated_bandit/_task/stimuli/win/sweet/sweet_bandit_081.jpg,1500,1603,550,down,328,,1,0,0,0,15,630,0.894,1100,2633,4267,4595,4600,36
1-900,001,v17.3,bandit,1059.4065,4046538769,2,31,0,rose,cinquefoil,knot,0.3,0.5,0.8,3,knot,0.6577,0,reward,10,3,1,10,0,570,764,498,loss,reward,reward,-10,10,10,,,,,,,,,,,,,,,,,,,,,,,,,20
1-900,001,v17.3,bandit,1063.6061,4046538769,2,32,0,rose,cinquefoil,knot,0.3,0.5,0.8,3,knot,0.5676,0,reward,10,3,1,10,0,580,734,431,loss,loss,reward,-10,-10,10,,,,,,,,,,,,,,,,,,,,,,,,,20
1-900,001,v17.3,bonus_food,1067.6394,4046538769,2,,,,,,,,,,,,,,,,,,,,,,,,,,,,48,32,sweet,food_sweet,1,/Users/burgerks/Documents/GitHub/motivated_bandit/_task/stimuli/win/sweet/sweet_bandit_124.jpg,1500,1914,550,right,309,,1,0,0,0,15,645,0.896,1117,2633,4567,4876,4884,36
1-900,001,v17.3,bandit,1073.1564,4046538769,2,33,0,rose,cinquefoil,knot,0.3,0.5,0.8,3,knot,0.5834,0,reward,10,3,1,10,0,590,430,581,loss,reward,reward,-10,10,10,,,,,,,,,,,,,,,,,,,,,,,,,20
1-900,001,v17.3,bandit,1077.0227,4046538769,2,34,0,rose,cinquefoil,knot,0.3,0.5,0.8,3,knot,1.5241,0,loss,-10,3,1,-10,0,580,584,570,loss,reward,loss,-10,10,-10,,,,,,,,,,,,,,,,,,,,,,,,,21
1-900,001,v17.3,bonus_food,1081.8061,4046538769,2,,,,,,,,,,,,,,,,,,,,,,,,,,,,49,34,sweet,food_sweet,1,/Users/burgerks/Documents/GitHub/motivated_bandit/_task/stimuli/win/sweet/sweet_bandit_102.jpg,1500,1265,550,right,191,,1,0,0,0,15,660,0.898,1100,2633,3917,4108,4117,36
1-900,001,v17.3,bandit,1086.5563,4046538769,2,35,0,rose,cinquefoil,knot,0.3,0.5,0.8,3,knot,0.5449,0,reward,10,3,1,10,0,590,525,552,loss,loss,reward,-10,-10,10,,,,,,,,,,,,,,,,,,,,,,,,,20
1-900,001,v17.3,bandit,1090.4393,4046538769,2,36,0,rose,cinquefoil,knot,0.3,0.5,0.8,3,knot,0.4903,0,loss,-10,3,1,-10,0,580,438,634,loss,reward,loss,-10,10,-10,,,,,,,,,,,,,,,,,,,,,,,,,21
1-900,001,v17.3,bonus_food,1094.106,4046538769,2,,,,,,,,,,,,,,,,,,,,,,,,,,,,50,36,sweet,food_sweet,1,/Users/burgerks/Documents/GitHub/motivated_bandit/_task/stimuli/win/sweet/sweet_bandit_119.jpg,1500,1910,550,right,387,,1,0,0,0,15,675,0.9,1117,2650,4583,4970,4984,36
1-900,001,v17.3,bandit,1099.7228,4046538769,2,37,0,rose,cinquefoil,knot,0.3,0.5,0.8,3,knot,0.5008,0,loss,-10,3,1,-10,0,570,787,475,loss,reward,loss,-10,10,-10,,,,,,,,,,,,,,,,,,,,,,,,,21
1-900,001,v17.3,bandit,1103.5725,4046538769,2,38,0,rose,cinquefoil,knot,0.3,0.5,0.8,3,knot,0.5278,0,loss,-10,3,1,-10,0,560,608,488,reward,loss,loss,10,-10,-10,,,,,,,,,,,,,,,,,,,,,,,,,21
1-900,001,v17.3,bonus_neutral,1107.2725,4046538769,2,,,,,,,,,,,,,,,,,,,,,,,,,,,,51,38,sweet,neutral,0,/Users/burgerks/Documents/GitHub/motivated_bandit/_task/stimuli/neutral/bandit_006.jpg,1500,1341,550,right,291,,1,0,0,0,15,690,0.902,1100,2617,3983,4274,4284,36
1-900,001,v17.3,bandit,1112.1894,4046538769,2,39,0,rose,cinquefoil,knot,0.3,0.5,0.8,3,knot,0.4858,0,reward,10,3,1,10,0,570,568,666,loss,reward,reward,-10,10,10,,,,,,,,,,,,,,,,,,,,,,,,,20
1-900,001,v17.3,bandit,1116.1557,4046538769,2,40,0,rose,cinquefoil,knot,0.3,0.5,0.8,3,knot,0.5763,0,loss,-10,3,1,-10,0,560,664,629,loss,loss,loss,-10,-10,-10,,,,,,,,,,,,,,,,,,,,,,,,,21
1-900,001,v17.3,bonus_food,1120.1057,4046538769,2,,,,,,,,,,,,,,,,,,,,,,,,,,,,52,40,sweet,food_sweet,1,/Users/burgerks/Documents/GitHub/motivated_bandit/_task/stimuli/win/sweet/sweet_bandit_162.jpg,1500,1927,550,down,269,,1,0,0,0,15,705,0.904,1083,2617,4567,4836,4850,36
1-900,001,v17.3,bandit,1125.5728,4046538769,2,41,0,rose,cinquefoil,knot,0.3,0.5,0.8,3,knot,0.5182,0,loss,-10,3,1,-10,0,550,565,660,reward,reward,loss,10,10,-10,,,,,,,,,,,,,,,,,,,,,,,,,21
1-900,001,v17.3,bandit,1129.3891,4046538769,2,42,0,rose,cinquefoil,knot,0.3,0.5,0.8,3,knot,0.3765,0,reward,10,3,1,10,0,560,432,642,reward,loss,reward,10,-10,10,,,,,,,,,,,,,,,,,,,,,,,,,20
1-900,001,v17.3,bonus_neutral,1133.089,4046538769,2,,,,,,,,,,,,,,,,,,,,,,,,,,,,53,42,sweet,neutral,0,/Users/burgerks/Documents/GitHub/motivated_bandit/_task/stimuli/neutral/bandit_022.jpg,1500,1746,550,right,437,,1,0,0,0,15,720,0.906,1100,2633,4400,4837,4850,36
1-900,001,v17.3,bandit,1138.5726,4046538769,2,43,0,rose,cinquefoil,knot,0.3,0.5,0.8,3,knot,0.5974,0,reward,10,3,1,10,0,570,443,549,loss,reward,reward,-10,10,10,,,,,,,,,,,,,,,,,,,,,,,,,20
1-900,001,v17.3,bandit,1142.439,4046538769,2,44,0,rose,cinquefoil,knot,0.3,0.5,0.8,3,knot,0.5066,0,reward,10,3,1,10,0,580,572,651,loss,loss,reward,-10,-10,10,,,,,,,,,,,,,,,,,,,,,,,,,20
1-900,001,v17.3,bandit,1146.4556,4046538769,2,45,0,rose,cinquefoil,knot,0.3,0.5,0.8,3,knot,0.4748,0,reward,10,3,1,10,0,590,548,414,loss,loss,reward,-10,-10,10,,,,,,,,,,,,,,,,,,,,,,,,,20
1-900,001,v17.3,bandit,1150.1555,4046538769,2,46,1,rose,cinquefoil,knot,0.8,0.3,0.5,3,knot,0.3737,0,reward,10,1,0,-10,-20,600,415,694,loss,loss,reward,-10,-10,10,,,,,,,,,,,,,,,,,,,,,,,,,20
1-900,001,v17.3,bandit,1153.9222,4046538769,2,47,1,rose,cinquefoil,knot,0.8,0.3,0.5,2,cinquefoil,1.1612,0,loss,-10,1,0,-10,0,590,442,632,loss,loss,loss,-10,-10,-10,,,,,,,,,,,,,,,,,,,,,,,,,21
1-900,001,v17.3,bandit,1158.2388,4046538769,2,48,1,rose,cinquefoil,knot,0.8,0.3,0.5,2,cinquefoil,0.4665,0,loss,-10,1,0,10,20,580,537,434,reward,loss,loss,10,-10,-10,,,,,,,,,,,,,,,,,,,,,,,,,21
1-900,001,v17.3,bandit,1161.7555,4046538769,2,49,1,rose,cinquefoil,knot,0.8,0.3,0.5,1,rose,0.3277,0,reward,10,1,1,10,0,590,597,692,reward,loss,reward,10,-10,10,,,,,,,,,,,,,,,,,,,,,,,,,20
1-900,001,v17.3,bonus_neutral,1165.6221,4046538769,2,,,,,,,,,,,,,,,,,,,,,,,,,,,,54,49,sweet,neutral,0,/Users/burgerks/Documents/GitHub/motivated_bandit/_task/stimuli/neutral/bandit_008.jpg,1500,1821,550,down,249,,1,0,0,0,15,735,0.907,1100,2633,4483,4732,4734,36
1-900,001,v17.3,bandit,1170.989,4046538769,2,50,1,rose,cinquefoil,knot,0.8,0.3,0.5,1,rose,0.5384,0,reward,10,1,1,10,0,600,630,418,reward,loss,loss,10,-10,-10,,,,,,,,,,,,,,,,,,,,,,,,,20
1-900,001,v17.3,bandit,1174.8553,4046538769,2,51,1,rose,cinquefoil,knot,0.8,0.3,0.5,1,rose,0.4556,0,reward,10,1,1,10,0,610,663,600,reward,loss,loss,10,-10,-10,,,,,,,,,,,,,,,,,,,,,,,,,20
1-900,001,v17.3,bandit,1178.8553,4046538769,2,52,1,rose,cinquefoil,knot,0.8,0.3,0.5,1,rose,0.5805,0,reward,10,1,1,10,0,620,434,442,reward,loss,reward,10,-10,10,,,,,,,,,,,,,,,,,,,,,,,,,20
1-900,001,v17.3,bonus_food,1182.5553,4046538769,2,,,,,,,,,,,,,,,,,,,,,,,,,,,,55,52,sweet,food_sweet,1,/Users/burgerks/Documents/GitHub/motivated_bandit/_task/stimuli/win/sweet/sweet_bandit_060.jpg,1500,1770,550,down,276,,1,0,0,0,15,750,0.909,1083,2617,4417,4693,4700,36
1-900,001,v17.3,bandit,1187.889,4046538769,2,53,1,rose,cinquefoil,knot,0.8,0.3,0.5,1,rose,0.6765,0,reward,10,1,1,10,0,630,509,685,reward,loss,reward,10,-10,10,,,,,,,,,,,,,,,,,,,,,,,,,20
1-900,001,v17.3,bandit,1192.022,4046538769,2,54,1,rose,cinquefoil,knot,0.8,0.3,0.5,1,rose,0.4191,0,reward,10,1,1,10,0,640,637,592,reward,loss,loss,10,-10,-10,,,,,,,,,,,,,,,,,,,,,,,,,20
1-900,001,v17.3,bandit,1195.9053,4046538769,2,55,1,rose,cinquefoil,knot,0.8,0.3,0.5,2,cinquefoil,0.5356,0,loss,-10,1,0,10,20,630,790,565,reward,loss,reward,10,-10,10,,,,,,,,,,,,,,,,,,,,,,,,,21
1-900,001,v17.3,bandit,1199.8553,4046538769,2,56,1,rose,cinquefoil,knot,0.8,0.3,0.5,3,knot,0.4406,0,reward,10,1,0,10,0,640,430,537,reward,reward,reward,10,10,10,,,,,,,,,,,,,,,,,,,,,,,,,20
1-900,001,v17.3,bandit,1203.5052,4046538769,2,57,1,rose,cinquefoil,knot,0.8,0.3,0.5,3,knot,0.3364,0,reward,10,1,0,-10,-20,650,462,579,loss,loss,reward,-10,-10,10,,,,,,,,,,,,,,,,,,,,,,,,,20
1-900,001,v17.3,bonus_food,1207.1719,4046538769,2,,,,,,,,,,,,,,,,,,,,,,,,,,,,56,57,sweet,food_sweet,1,/Users/burgerks/Documents/GitHub/motivated_bandit/_task/stimuli/win/sweet/sweet_bandit_138.jpg,1500,1853,550,right,251,,1,0,0,0,15,765,0.911,1100,2633,4517,4768,4784,36
1-900,001,v17.3,bandit,1212.5888,4046538769,2,58,1,rose,cinquefoil,knot,0.8,0.3,0.5,3,knot,0.9659,0,loss,-10,1,0,10,20,640,615,643,reward,loss,loss,10,-10,-10,,,,,,,,,,,,,,,,,,,,,,,,,21
1-900,001,v17.3,bandit,1216.8717,4046538769,2,59,1,rose,cinquefoil,knot,0.8,0.3,0.5,1,rose,0.5765,0,reward,10,1,1,10,0,650,600,509,reward,loss,loss,10,-10,-10,,,,,,,,,,,,,,,,,,,,,,,,,20
1-900,001,v17.3,bonus_food,1220.8051,4046538769,2,,,,,,,,,,,,,,,,,,,,,,,,,,,,57,59,sweet,food_sweet,1,/Users/burgerks/Documents/GitHub/motivated_bandit/_task/stimuli/win/sweet/sweet_bandit_095.jpg,1500,1293,550,down,247,,1,0,0,0,15,780,0.912,1117,2650,3967,4214,4217,36
1-900,001,v17.3,bandit,1225.6389,4046538769,2,60,1,rose,cinquefoil,knot,0.8,0.3,0.5,1,rose,0.6264,0,reward,10,1,1,10,0,660,667,583,reward,loss,reward,10,-10,10,,,,,,,,,,,,,,,,,,,,,,,,,20
1-900,001,v17.3,bandit,1229.7718,4046538769,2,61,1,rose,cinquefoil,knot,0.8,0.3,0.5,1,rose,0.5459,0,reward,10,1,1,10,0,670,513,471,reward,loss,reward,10,-10,10,,,,,,,,,,,,,,,,,,,,,,,,,20
1-900,001,v17.3,bonus_food,1233.5384,4046538769,2,,,,,,,,,,,,,,,,,,,,,,,,,,,,58,61,sweet,food_sweet,1,/Users/burgerks/Documents/GitHub/motivated_bandit/_task/stimuli/win/sweet/sweet_bandit_025.jpg,1500,1232,550,down,249,,1,0,0,0,15,795,0.914,1100,2633,3883,4132,4134,36
1-900,001,v17.3,bandit,1238.3054,4046538769,2,62,1,rose,cinquefoil,knot,0.8,0.3,0.5,1,rose,0.6438,0,reward,10,1,1,10,0,680,751,626,reward,reward,reward,10,10,10,,,,,,,,,,,,,,,,,,,,,,,,,20
1-900,001,v17.3,bandit,1242.605,4046538769,2,63,1,rose,cinquefoil,knot,0.8,0.3,0.5,1,rose,0.4686,0,reward,10,1,1,10,0,690,629,589,reward,loss,reward,10,-10,10,,,,,,,,,,,,,,,,,,,,,,,,,20
1-900,001,v17.3,bandit,1246.555,4046538769,2,64,1,rose,cinquefoil,knot,0.8,0.3,0.5,1,rose,0.3076,0,reward,10,1,1,10,0,700,610,658,reward,loss,reward,10,-10,10,,,,,,,,,,,,,,,,,,,,,,,,,20
1-900,001,v17.3,bandit,1250.3883,4046538769,2,65,1,rose,cinquefoil,knot,0.8,0.3,0.5,1,rose,0.5872,0,reward,10,1,1,10,0,710,476,575,reward,reward,loss,10,10,-10,,,,,,,,,,,,,,,,,,,,,,,,,20
1-900,001,v17.3,bonus_neutral,1254.3216,4046538769,2,,,,,,,,,,,,,,,,,,,,,,,,,,,,59,65,sweet,neutral,0,/Users/burgerks/Documents/GitHub/motivated_bandit/_task/stimuli/neutral/bandit_001.jpg,1500,1753,550,down,240,,1,0,0,0,15,810,0.915,1100,2617,4400,4640,4650,36
1-900,001,v17.3,bandit,1259.6052,4046538769,2,66,1,rose,cinquefoil,knot,0.8,0.3,0.5,1,rose,0.4166,0,reward,10,1,1,10,0,720,535,549,reward,reward,loss,10,10,-10,,,,,,,,,,,,,,,,,,,,,,,,,20
1-900,001,v17.3,bandit,1263.3715,4046538769,2,67,1,rose,cinquefoil,knot,0.8,0.3,0.5,1,rose,0.423,0,reward,10,1,1,10,0,730,754,491,reward,loss,loss,10,-10,-10,,,,,,,,,,,,,,,,,,,,,,,,,20
1-900,001,v17.3,bandit,1267.3382,4046538769,2,68,1,rose,cinquefoil,knot,0.8,0.3,0.5,1,rose,0.4691,0,reward,10,1,1,10,0,740,579,522,reward,reward,reward,10,10,10,,,,,,,,,,,,,,,,,,,,,,,,,20
1-900,001,v17.3,bonus_food,1271.1881,4046538769,2,,,,,,,,,,,,,,,,,,,,,,,,,,,,60,68,sweet,food_sweet,1,/Users/burgerks/Documents/GitHub/motivated_bandit/_task/stimuli/win/sweet/sweet_bandit_029.jpg,1500,1246,550,down,321,,1,0,0,0,15,825,0.917,1100,2633,3900,4221,4234,36
1-900,001,v17.3,bandit,1276.055,4046538769,2,69,1,rose,cinquefoil,knot,0.8,0.3,0.5,1,rose,0.532,0,reward,10,1,1,10,0,750,430,561,reward,loss,loss,10,-10,-10,,,,,,,,,,,,,,,,,,,,,,,,,20
1-900,001,v17.3,bandit,1279.838,4046538769,2,70,1,rose,cinquefoil,knot,0.8,0.3,0.5,1,rose,0.3786,0,loss,-10,1,1,-10,0,740,761,524,loss,loss,reward,-10,-10,10,,,,,,,,,,,,,,,,,,,,,,,,,21
1-900,001,v17.3,bandit,1283.5713,4046538769,2,71,1,rose,cinquefoil,knot,0.8,0.3,0.5,2,cinquefoil,0.3668,0,reward,10,1,0,10,0,750,539,574,reward,reward,loss,10,10,-10,,,,,,,,,,,,,,,,,,,,,,,,,20
1-900,001,v17.3,bonus_food,1287.3546,4046538769,2,,,,,,,,,,,,,,,,,,,,,,,,,,,,61,71,sweet,food_sweet,1,/Users/burgerks/Documents/GitHub/motivated_bandit/_task/stimuli/win/sweet/sweet_bandit_150.jpg,1500,1907,550,down,257,,1,0,0,0,15,840,0.918,1083,2617,4550,4807,4817,36
1-900,001,v17.3,bandit,1292.805,4046538769,2,72,1,rose,cinquefoil,knot,0.8,0.3,0.5,1,rose,0.7904,0,reward,10,1,1,10,0,760,694,488,reward,loss,reward,10,-10,10,,,,,,,,,,,,,,,,,,,,,,,,,20
1-900,001,v17.3,bandit,1297.038,4046538769,2,73,1,rose,cinquefoil,knot,0.8,0.3,0.5,1,rose,0.6058,0,reward,10,1,1,10,0,770,400,645,reward,reward,reward,10,10,10,,,,,,,,,,,,,,,,,,,,,,,,,20
1-900,001,v17.3,bandit,1300.9212,4046538769,2,74,1,rose,cinquefoil,knot,0.8,0.3,0.5,1,rose,0.9061,0,reward,10,1,1,10,0,780,759,639,reward,loss,loss,10,-10,-10,,,,,,,,,,,,,,,,,,,,,,,,,20
1-900,001,v17.3,bonus_food,1305.5046,4046538769,2,,,,,,,,,,,,,,,,,,,,,,,,,,,,62,74,sweet,food_sweet,1,/Users/burgerks/Documents/GitHub/motivated_bandit/_task/stimuli/win/sweet/sweet_bandit_024.jpg,1500,1632,550,down,269,,1,0,0,0,15,855,0.919,1117,2633,4283,4552,4567,36
1-900,001,v17.3,bandit,1310.7048,4046538769,2,75,1,rose,cinquefoil,knot,0.8,0.3,0.5,1,rose,0.4178,0,reward,10,1,1,10,0,790,669,513,reward,reward,loss,10,10,-10,,,,,,,,,,,,,,,,,,,,,,,,,20
1-900,001,v17.3,bandit,1314.5878,4046538769,2,76,1,rose,cinquefoil,knot,0.8,0.3,0.5,1,rose,0.4624,0,reward,10,1,1,10,0,800,606,669,reward,loss,loss,10,-10,-10,,,,,,,,,,,,,,,,,,,,,,,,,20
1-900,001,v17.3,bandit,1318.6211,4046538769,2,77,1,rose,cinquefoil,knot,0.8,0.3,0.5,1,rose,0.3829,0,reward,10,1,1,10,0,810,704,661,reward,reward,loss,10,10,-10,,,,,,,,,,,,,,,,,,,,,,,,,20
1-900,001,v17.3,bonus_food,1322.6211,4046538769,2,,,,,,,,,,,,,,,,,,,,,,,,,,,,63,77,sweet,food_sweet,1,/Users/burgerks/Documents/GitHub/motivated_bandit/_task/stimuli/win/sweet/sweet_bandit_112.jpg,1500,1932,550,down,,3286,0,0,1,0,0,855,0.905,1100,2633,0,4386,4403,37
1-900,001,v17.3,bandit,1330.088,4046538769,2,78,1,rose,cinquefoil,knot,0.8,0.3,0.5,1,rose,0.6647,0,reward,10,1,1,10,0,820,589,504,reward,loss,loss,10,-10,-10,,,,,,,,,,,,,,,,,,,,,,,,,20
1-900,001,v17.3,bandit,1334.121,4046538769,2,79,1,rose,cinquefoil,knot,0.8,0.3,0.5,1,rose,0.2923,0,loss,-10,1,1,-10,0,810,534,468,loss,loss,loss,-10,-10,-10,,,,,,,,,,,,,,,,,,,,,,,,,21
1-900,001,v17.3,bandit,1337.5044,4046538769,2,80,1,rose,cinquefoil,knot,0.8,0.3,0.5,1,rose,0.5559,0,reward,10,1,1,10,0,820,413,539,reward,loss,loss,10,-10,-10,,,,,,,,,,,,,,,,,,,,,,,,,20
1-900,001,v17.3,bonus_neutral,1341.2876,4046538769,2,,,,,,,,,,,,,,,,,,,,,,,,,,,,64,80,sweet,neutral,0,/Users/burgerks/Documents/GitHub/motivated_bandit/_task/stimuli/neutral/bandit_009.jpg,1500,1902,550,down,260,,1,0,0,0,15,870,0.906,1100,2617,4550,4810,4817,36
1-900,001,v17.3,bandit,1346.7214,4046538769,2,81,1,rose,cinquefoil,knot,0.8,0.3,0.5,1,rose,0.5217,0,reward,10,1,1,10,0,830,732,406,reward,loss,reward,10,-10,10,,,,,,,,,,,,,,,,,,,,,,,,,20
1-900,001,v17.3,bandit,1350.721,4046538769,2,82,1,rose,cinquefoil,knot,0.8,0.3,0.5,1,rose,0.4666,0,reward,10,1,1,10,0,840,555,609,reward,loss,loss,10,-10,-10,,,,,,,,,,,,,,,,,,,,,,,,,20
1-900,001,v17.3,bandit,1354.6543,4046538769,2,83,1,rose,cinquefoil,knot,0.8,0.3,0.5,1,rose,0.4462,0,reward,10,1,1,10,0,850,561,658,reward,loss,reward,10,-10,10,,,,,,,,,,,,,,,,,,,,,,,,,20
1-900,001,v17.3,bonus_food,1358.5876,4046538769,2,,,,,,,,,,,,,,,,,,,,,,,,,,,,65,83,sweet,food_sweet,1,/Users/burgerks/Documents/GitHub/motivated_bandit/_task/stimuli/win/sweet/sweet_bandit_111.jpg,1500,1724,550,left,657,,0,1,0,0,0,870,0.892,1100,2633,4383,5040,5050,37
1-900,001,v17.3,bandit,1364.2709,4046538769,2,84,1,rose,cinquefoil,knot,0.8,0.3,0.5,1,rose,0.5288,0,reward,10,1,1,10,0,860,528,612,reward,loss,loss,10,-10,-10,,,,,,,,,,,,,,,,,,,,,,,,,20
1-900,001,v17.3,bandit,1368.2208,4046538769,2,85,1,rose,cinquefoil,knot,0.8,0.3,0.5,1,rose,0.4777,0,reward,10,1,1,10,0,870,438,555,reward,loss,reward,10,-10,10,,,,,,,,,,,,,,,,,,,,,,,,,20
1-900,001,v17.3,bonus_neutral,1371.9874,4046538769,2,,,,,,,,,,,,,,,,,,,,,,,,,,,,66,85,sweet,neutral,0,/Users/burgerks/Documents/GitHub/motivated_bandit/_task/stimuli/neutral/bandit_010.jpg,1500,1612,550,down,252,,1,0,0,0,15,885,0.894,1100,2617,4250,4502,4517,36
1-900,001,v17.3,bandit,1377.1375,4046538769,2,86,1,rose,cinquefoil,knot,0.8,0.3,0.5,1,rose,0.4702,0,reward,10,1,1,10,0,880,682,411,reward,loss,loss,10,-10,-10,,,,,,,,,,,,,,,,,,,,,,,,,20
1-900,001,v17.3,bandit,1380.9873,4046538769,2,87,1,rose,cinquefoil,knot,0.8,0.3,0.5,1,rose,0.4811,0,reward,10,1,1,10,0,890,706,683,reward,loss,reward,10,-10,10,,,,,,,,,,,,,,,,,,,,,,,,,20
1-900,001,v17.3,bandit,1385.1373,4046538769,2,88,1,rose,cinquefoil,knot,0.8,0.3,0.5,1,rose,0.285,0,reward,10,1,1,10,0,900,658,441,reward,loss,loss,10,-10,-10,,,,,,,,,,,,,,,,,,,,,,,,,20
1-900,001,v17.3,bandit,1388.8206,4046538769,2,89,1,rose,cinquefoil,knot,0.8,0.3,0.5,1,rose,0.4076,0,reward,10,1,1,10,0,910,479,527,reward,loss,reward,10,-10,10,,,,,,,,,,,,,,,,,,,,,,,,,20
1-900,001,v17.3,bonus_food,1392.5039,4046538769,2,,,,,,,,,,,,,,,,,,,,,,,,,,,,67,89,sweet,food_sweet,1,/Users/burgerks/Documents/GitHub/motivated_bandit/_task/stimuli/win/sweet/sweet_bandit_015.jpg,1500,1858,550,down,267,,1,0,0,0,15,900,0.896,1100,2633,4517,4784,4800,36
1-900,001,v17.3,bandit,1397.9377,4046538769,2,90,1,rose,cinquefoil,knot,0.8,0.3,0.5,1,rose,0.4627,0,reward,10,1,1,10,0,920,414,528,reward,reward,loss,10,10,-10,,,,,,,,,,,,,,,,,,,,,,,,,20
1-900,001,v17.3,bandit,1401.554,4046538769,2,91,1,rose,cinquefoil,knot,0.8,0.3,0.5,1,rose,0.4098,0,reward,10,1,1,10,0,930,411,426,reward,reward,loss,10,10,-10,,,,,,,,,,,,,,,,,,,,,,,,,20
1-900,001,v17.3,bonus_food,1405.0539,4046538769,2,,,,,,,,,,,,,,,,,,,,,,,,,,,,68,91,sweet,food_sweet,1,/Users/burgerks/Documents/GitHub/motivated_bandit/_task/stimuli/win/sweet/sweet_bandit_070.jpg,1500,1362,550,down,374,,1,0,0,0,15,915,0.897,1117,2650,4033,4407,4417,36
1-900,001,v17.3,bandit,1410.1042,4046538769,2,92,1,rose,cinquefoil,knot,0.8,0.3,0.5,1,rose,0.4191,0,reward,10,1,1,10,0,940,427,538,reward,reward,reward,10,10,10,,,,,,,,,,,,,,,,,,,,,,,,,20
1-900,001,v17.3,bandit,1413.7539,4046538769,2,93,1,rose,cinquefoil,knot,0.8,0.3,0.5,1,rose,0.367,0,reward,10,1,1,10,0,950,447,605,reward,loss,reward,10,-10,10,,,,,,,,,,,,,,,,,,,,,,,,,20
1-900,001,v17.3,bandit,1417.4539,4046538769,2,94,1,rose,cinquefoil,knot,0.8,0.3,0.5,1,rose,0.361,0,reward,10,1,1,10,0,960,762,538,reward,loss,reward,10,-10,10,,,,,,,,,,,,,,,,,,,,,,,,,20
1-900,001,v17.3,bandit,1421.3872,4046538769,2,95,1,rose,cinquefoil,knot,0.8,0.3,0.5,1,rose,0.3315,0,loss,-10,1,1,-10,0,950,640,552,loss,loss,loss,-10,-10,-10,,,,,,,,,,,,,,,,,,,,,,,,,21
1-900,001,v17.3,bandit,1425.0038,4046538769,2,96,1,rose,cinquefoil,knot,0.8,0.3,0.5,2,cinquefoil,0.3138,0,loss,-10,1,0,-10,0,940,660,423,loss,loss,reward,-10,-10,10,,,,,,,,,,,,,,,,,,,,,,,,,21
1-900,001,v17.3,bonus_neutral,1428.4705,4046538769,2,,,,,,,,,,,,,,,,,,,,,,,,,,,,69,96,sweet,neutral,0,/Users/burgerks/Documents/GitHub/motivated_bandit/_task/stimuli/neutral/bandit_009.jpg,1500,1639,550,down,,1870,0,0,1,0,0,915,0.884,1083,2617,0,2953,2968,37
1-900,001,v17.3,bandit,1434.4874,4046538769,2,97,1,rose,cinquefoil,knot,0.8,0.3,0.5,3,knot,0.4882,0,loss,-10,1,0,10,20,930,709,499,reward,loss,loss,10,-10,-10,,,,,,,,,,,,,,,,,,,,,,,,,21
1-900,001,v17.3,bandit,1438.2537,4046538769,2,98,1,rose,cinquefoil,knot,0.8,0.3,0.5,1,rose,0.3225,0,reward,10,1,1,10,0,940,702,492,reward,reward,loss,10,10,-10,,,,,,,,,,,,,,,,,,,,,,,,,20
1-900,001,v17.3,bonus_food,1442.0537,4046538769,2,,,,,,,,,,,,,,,,,,,,,,,,,,,,70,98,sweet,food_sweet,1,/Users/burgerks/Documents/GitHub/motivated_bandit/_task/stimuli/win/sweet/sweet_bandit_160.jpg,1500,1352,550,down,357,,1,0,0,0,15,930,0.886,1117,2650,4033,4390,4400,36
1-900,001,v17.3,bandit,1447.0872,4046538769,2,99,1,rose,cinquefoil,knot,0.8,0.3,0.5,2,cinquefoil,0.854,0,loss,-10,1,0,-10,0,930,613,486,loss,loss,loss,-10,-10,-10,,,,,,,,,,,,,,,,,,,,,,,,,21
1-900,001,v17.3,bandit,1451.1203,4046538769,2,100,1,rose,cinquefoil,knot,0.8,0.3,0.5,1,rose,0.4235,0,reward,10,1,1,10,0,940,494,540,reward,loss,loss,10,-10,-10,,,,,,,,,,,,,,,,,,,,,,,,,20
